City_ID,City,Lat,Lng,Max Temp,Humidity,Cloudiness,Wind Speed,Country,Date
0,port-aux-francais,-49.35,70.2167,4.09,77,100,21.18,TF,1718063590
1,port blair,11.6667,92.75,28.02,89,75,6.17,IN,1718063590
2,nambucca heads,-30.65,153.0,17.0,54,30,1.17,AU,1718063590
3,pangai,-19.8,-174.35,27.06,57,40,5.66,TO,1718063590
4,aldinga beach,-35.2793,138.4604,17.07,87,98,8.5,AU,1718063590
5,port alfred,-33.5906,26.891,17.63,50,12,4.01,ZA,1718063590
6,margaret river,-33.95,115.0667,14.98,64,100,3.12,AU,1718063590
7,aral,40.5156,81.2636,26.06,26,0,2.12,CN,1718063590
8,las heras,-46.5419,-68.9359,5.19,96,100,6.14,AR,1718063479
9,tiksi,71.6872,128.8694,2.93,78,26,4.03,RU,1718063590
10,bethel,41.3712,-73.414,21.63,61,44,0.45,US,1718063485
11,misratah,32.3754,15.0925,27.03,47,24,6.97,LY,1718063590
12,zaozersk,69.4005,32.4476,9.6,90,100,0.74,RU,1718063590
13,puerto ayora,-0.7393,-90.3518,22.53,94,53,1.34,EC,1718063590
14,yellowknife,62.456,-114.3525,15.23,78,75,2.06,CA,1718063590
15,ilulissat,69.2167,-51.1,2.01,80,40,4.63,GL,1718063590
16,adamstown,-25.066,-130.1015,22.72,80,100,6.79,PN,1718063590
17,west island,-12.1568,96.8225,25.99,94,100,8.23,CC,1718063590
18,karasu,41.071,30.7854,21.68,75,57,1.38,TR,1718063590
19,lorengau,-2.0226,147.2712,28.75,80,98,3.54,PG,1718063591
20,ushuaia,-54.8,-68.3,-5.19,86,0,1.54,AR,1718063435
21,saynshand,44.8824,110.1163,20.1,53,60,4.41,MN,1718063591
22,tura,25.5198,90.2201,24.78,97,15,2.74,IN,1718063591
23,ribeira grande,38.5167,-28.7,19.87,82,81,2.68,PT,1718063591
24,masterton,-40.9597,175.6575,13.27,59,0,3.02,NZ,1718063591
25,usinsk,65.9939,57.5281,3.93,91,93,2.68,RU,1718063591
26,thinadhoo,0.5333,72.9333,28.24,71,72,2.91,MV,1718063591
27,parral,26.9333,-105.6667,31.44,12,5,4.07,MX,1718063400
28,stanley,54.868,-1.6985,7.38,92,20,2.57,GB,1718063591
29,namsos,64.4662,11.4957,10.03,93,100,1.03,NO,1718063591
30,ust-tsilma,65.441,52.1498,6.45,84,93,3.13,RU,1718063591
31,martuk,50.7475,56.5056,18.32,73,66,1.65,KZ,1718063591
32,albany,42.6001,-73.9662,16.31,76,73,0.45,US,1718063343
33,iskateley,67.6803,53.1512,3.34,88,32,3.58,RU,1718063591
34,karkira,36.9292,6.5856,18.92,90,54,1.04,DZ,1718063591
35,port mathurin,-19.6833,63.4167,24.26,73,52,9.42,MU,1718063591
36,grand-bassam,5.2118,-3.7388,25.98,88,100,3.25,CI,1718063591
37,loukhi,66.0764,33.0381,6.35,95,65,2.2,RU,1718063591
38,whitehorse,60.7161,-135.0538,21.68,30,75,3.6,CA,1718063591
39,waitangi,-43.9535,-176.5597,11.01,93,100,0.89,NZ,1718063591
40,taltal,-25.4,-70.4833,17.28,71,19,2.81,CL,1718063376
41,punta arenas,-53.15,-70.9167,3.06,93,100,4.12,CL,1718063591
42,camana,-16.6228,-72.7111,16.59,87,38,2.35,PE,1718063592
43,belvedere,33.531,-81.9448,28.66,67,0,4.12,US,1718063592
44,terrace,54.5163,-128.6035,13.95,67,75,7.72,CA,1718063592
45,porangatu,-13.4408,-49.1486,24.13,41,7,1.8,BR,1718063524
46,blackmans bay,-43.0167,147.3167,12.63,80,100,1.34,AU,1718063592
47,arraial do cabo,-22.9661,-42.0278,17.98,94,0,0.51,BR,1718063592
48,timizart,36.8,4.2667,19.03,52,100,1.27,DZ,1718063592
49,st. john's,47.5649,-52.7093,16.66,95,100,6.17,CA,1718063476
50,port elizabeth,-33.918,25.5701,10.16,81,0,2.06,ZA,1718063592
51,hemsby,52.6971,1.6918,8.36,91,25,4.18,GB,1718063592
52,papatowai,-46.5619,169.4708,8.04,67,66,8.42,NZ,1718063592
53,hovd,48.0056,91.6419,20.25,39,37,1.1,MN,1718063592
54,mount isa,-20.7333,139.5,21.87,30,3,3.6,AU,1718063592
55,takai,11.5833,9.1167,26.86,66,91,5.24,NG,1718063592
56,malkapur,20.8833,76.2,30.01,59,98,4.36,IN,1718063592
57,khurba,50.4072,136.8819,7.7,94,84,4.47,RU,1718063592
58,edinburgh of the seven seas,-37.0676,-12.3116,14.85,77,16,12.37,SH,1718063592
59,badger,64.8,-147.5333,21.95,52,75,2.06,US,1718063592
60,ulysses,37.5814,-101.3552,26.53,50,0,6.17,US,1718063592
61,callao,-12.0667,-77.15,20.4,68,0,5.14,PE,1718063022
62,al jabin,14.704,43.599,25.11,44,3,0.39,YE,1718063592
63,al-hamdaniya,36.2715,43.3737,27.51,33,71,3.6,IQ,1718063592
64,kolonia town,6.964,158.206,30.06,79,75,5.14,FM,1718063592
65,ust-nera,64.5667,143.2,15.7,33,82,1.31,RU,1718063593
66,kruisfontein,-34.0033,24.7314,13.6,50,45,3.3,ZA,1718063593
67,monywa,22.1167,95.1333,30.92,65,88,5.48,MM,1718063593
68,invercargill,-46.4,168.35,6.12,90,87,3.58,NZ,1718063593
69,ojuelos de jalisco,21.8667,-101.5833,26.26,28,87,6.14,MX,1718063593
70,chaman,30.9236,66.4512,24.52,9,0,2.01,PK,1718063593
71,badagry,6.4167,2.8833,26.11,90,69,4.0,NG,1718063593
72,kouroussa,10.65,-9.8833,26.98,64,94,1.13,GN,1718063593
73,thousand palms,33.82,-116.3903,41.35,11,0,3.13,US,1718063523
74,iqaluit,63.7506,-68.5145,0.85,74,75,2.06,CA,1718063317
75,howrah,22.5892,88.3103,30.0,89,40,3.6,IN,1718063593
76,carnarvon,-24.8667,113.6333,19.92,67,82,3.38,AU,1718063593
77,codrington,-38.2667,141.9667,14.07,82,100,8.18,AU,1718063593
78,kiunga,-6.1219,141.2906,24.7,97,100,1.23,PG,1718063593
79,mount pearl,47.5166,-52.7813,16.19,95,100,6.17,CA,1718063385
80,ponta delgada,37.7333,-25.6667,18.44,72,75,1.54,PT,1718063593
81,massawa,15.6097,39.45,31.16,70,26,1.42,ER,1718063593
82,forster,-32.1667,152.5167,14.6,72,24,1.38,AU,1718063593
83,tazovsky,67.4667,78.7,11.56,60,100,5.6,RU,1718063593
84,petropavlovka,50.6114,105.3196,14.62,89,92,0.92,RU,1718063593
85,motilla del palancar,39.5709,-1.9068,16.45,91,39,0.89,ES,1718063593
86,praia da vitoria,38.7333,-27.0667,19.31,77,40,2.67,PT,1718063594
87,aydincik,36.1437,33.3202,27.3,46,0,4.07,TR,1718063594
88,grytviken,-54.2811,-36.5092,-7.63,72,50,3.44,GS,1718063594
89,fada,9.5667,8.3,20.78,93,95,0.47,NG,1718063594
90,vilyuchinsk,52.9306,158.4028,17.15,77,100,3.18,RU,1718063594
91,kodiak,57.79,-152.4072,7.73,100,100,7.2,US,1718063594
92,abepura,-2.6333,140.5833,27.45,89,20,2.06,ID,1718063594
93,portland,45.5234,-122.6762,28.15,32,20,4.12,US,1718063577
94,kingston,17.997,-76.7936,29.53,79,20,8.75,JM,1718063578
95,borogontsy,62.6683,131.1683,20.21,39,60,1.94,RU,1718063594
96,nganjuk,-7.6051,111.9035,25.34,88,29,1.73,ID,1718063594
97,brookings,44.3114,-96.7984,24.19,39,0,4.63,US,1718063432
98,dabakala,8.3667,-4.4333,24.58,89,73,3.47,CI,1718063594
99,mermoz boabab,14.7065,-17.4758,25.88,83,40,2.06,SN,1718063594
100,colonia,50.9333,6.95,11.44,81,75,7.2,DE,1718063594
101,fale old settlement,-9.3852,-171.2468,29.37,73,64,5.88,TK,1718063594
102,jamestown,42.097,-79.2353,12.79,83,100,2.57,US,1718063594
103,sao joao da barra,-21.6403,-41.0511,21.05,85,37,5.48,BR,1718063594
104,thompson,55.7435,-97.8558,19.09,42,75,4.63,CA,1718063594
105,naracoorte,-36.9579,140.7383,14.6,86,100,8.52,AU,1718063595
106,tralee,52.2704,-9.7026,7.94,89,79,2.18,IE,1718063475
107,midvagur,62.0511,-7.1939,5.46,75,75,5.66,FO,1718063595
108,naze,28.3667,129.4833,21.51,94,100,3.55,JP,1718063595
109,bredasdorp,-34.5322,20.0403,14.14,49,97,2.33,ZA,1718063595
110,bilibino,68.0546,166.4372,13.06,43,100,1.35,RU,1718063595
111,sangueya,10.7,-14.3667,26.13,91,82,1.71,GN,1718063595
112,margate,51.3813,1.3862,10.17,75,8,0.45,GB,1718063595
113,pavia,45.1845,9.1615,21.2,94,80,1.86,IT,1718063595
114,georgetown,5.4112,100.3354,27.96,83,20,1.54,MY,1718063533
115,udachny,66.4167,112.4,17.47,40,71,2.65,RU,1718063595
116,remire-montjoly,4.9167,-52.2667,25.02,100,75,0.0,GF,1718063595
117,pisco,-13.7,-76.2167,18.03,88,40,3.6,PE,1718063595
118,khanty-mansiysk,61.0042,69.0019,14.06,72,0,2.0,RU,1718063595
119,vila franca do campo,37.7167,-25.4333,18.27,99,87,1.93,PT,1718063595
120,puerto natales,-51.7236,-72.4875,0.82,97,100,1.65,CL,1718063191
121,luderitz,-26.6481,15.1594,19.03,51,65,2.84,NA,1718063595
122,nova sintra,14.8667,-24.7167,24.3,79,0,6.41,CV,1718063595
123,camden,39.7835,-74.9663,23.97,51,20,2.72,US,1718063596
124,vernon,50.2581,-119.2691,29.4,24,15,2.68,CA,1718063596
125,lebu,-37.6167,-73.65,12.41,92,100,11.7,CL,1718063388
126,chonchi,-42.6128,-73.8092,10.62,94,99,3.62,CL,1718063596
127,avarua,-21.2078,-159.775,23.03,56,75,3.09,CK,1718063596
128,zhangye,38.9342,100.4517,22.94,28,50,0.67,CN,1718063596
129,kolonia,50.9333,6.95,11.44,81,75,7.2,DE,1718063594
130,dunedin,-45.8742,170.5036,9.33,53,26,2.68,NZ,1718063596
131,belmonte,-15.8631,-38.8828,23.21,76,30,2.52,BR,1718063596
132,xichang,27.8964,102.2634,20.36,88,90,1.47,CN,1718063596
133,bel ombre,-4.6167,55.4167,27.91,83,40,3.6,SC,1718063596
134,kayangel,8.0823,134.7173,29.42,71,100,4.27,PW,1718063596
135,lima duarte,-21.8425,-43.7931,15.78,84,5,1.12,BR,1718063596
136,brokopondo,4.75,-55.1667,27.04,79,92,2.97,SR,1718063596
137,manismata,-2.4667,111.0333,25.14,95,99,1.31,ID,1718063596
138,petropavlovsk-kamchatsky,53.0452,158.6483,16.33,86,0,5.0,RU,1718063596
139,hawaiian paradise park,19.5933,-154.9731,27.73,71,75,4.63,US,1718063596
140,hermanus,-34.4187,19.2345,17.67,53,98,4.83,ZA,1718063350
141,thurso,58.5927,-3.5259,8.14,88,100,6.88,GB,1718063596
142,ar rutbah,33.0381,40.2848,26.3,29,0,5.5,IQ,1718063596
143,big rapids,43.6981,-85.4837,18.28,27,0,3.09,US,1718063475
144,wailua homesteads,22.0669,-159.378,29.24,72,20,6.69,US,1718063596
145,la passe,45.5549,-0.8967,14.43,85,100,3.28,FR,1718063596
146,medicine hat,50.0501,-110.6683,24.24,43,75,6.69,CA,1718063043
147,atherton,53.5237,-2.4935,11.08,82,75,0.89,GB,1718063596
148,santa rosa de rio primero,-31.1523,-63.4019,15.5,48,91,2.52,AR,1718063597
149,yeppoon,-23.1333,150.7333,20.14,47,1,3.32,AU,1718063597
150,flying fish cove,-10.4217,105.6791,25.82,94,100,5.14,CX,1718063597
151,piti village,13.4626,144.6933,30.17,87,75,5.14,GU,1718063597
152,kijang,35.2442,129.2139,21.85,64,34,2.32,KR,1718063597
153,igarka,67.4667,86.5833,11.72,74,93,2.29,RU,1718063597
154,wladyslawowo,54.7909,18.4009,11.08,79,71,3.55,PL,1718063597
155,isafjordur,66.0755,-23.124,4.52,81,95,1.44,IS,1718063597
156,odacho-oda,35.1833,132.5,24.43,65,15,2.68,JP,1718063597
157,hammerfest,70.6634,23.6821,10.25,81,20,4.12,NO,1718063597
158,rabo de peixe,37.8,-25.5833,17.77,99,75,1.54,PT,1718063597
159,la sarre,48.8002,-79.1996,10.55,59,0,4.12,CA,1718063519
160,mar del plata,-38.0023,-57.5575,11.16,94,65,1.03,AR,1718063597
161,saipan,15.1355,145.701,29.39,79,75,4.12,MP,1718063597
162,taco pozo,-25.6167,-63.2833,19.65,66,4,2.06,AR,1718063597
163,kaeng khro,16.1086,102.2581,24.82,90,100,3.55,TH,1718063597
164,lihue,21.9789,-159.3672,29.58,65,20,6.69,US,1718063597
165,talnakh,69.4865,88.3972,6.23,80,44,4.08,RU,1718063597
166,karratha,-20.7377,116.8463,20.51,50,0,2.56,AU,1718063597
167,east london,-33.0153,27.9116,15.96,49,0,3.92,ZA,1718063597
168,kalmunai,7.4167,81.8167,26.8,78,100,2.84,LK,1718063597
169,yuzhno-kurilsk,44.0306,145.8556,11.32,93,100,1.44,RU,1718063597
170,happy valley-goose bay,53.3168,-60.3315,17.17,67,75,6.17,CA,1718063597
171,rundu,-17.9333,19.7667,11.06,53,17,2.87,NA,1718063598
172,kununurra,-15.7667,128.7333,19.99,64,77,1.54,AU,1718063598
173,abalak,58.1286,68.5944,12.97,86,82,1.42,RU,1718063598
174,placido de castro,-10.3353,-67.1856,27.81,60,97,1.18,BR,1718063598
175,akureyri,65.6835,-18.0878,4.96,87,0,3.09,IS,1718063598
176,saint-denis,48.9167,2.3333,11.73,77,0,2.06,FR,1718063598
177,boyolangu,-8.1181,111.8935,24.79,93,79,0.89,ID,1718063598
178,enewetak,11.3474,162.3373,28.27,81,97,7.45,MH,1718063598
179,turpan,42.9333,89.1667,33.65,19,43,0.91,CN,1718063598
180,taradale,-39.5333,176.85,15.57,59,91,3.58,NZ,1718063598
181,fisterra,42.9049,-9.2629,14.86,74,0,8.71,ES,1718063598
182,hilo,19.7297,-155.09,27.85,71,75,4.63,US,1718063598
183,acarau,-2.8856,-40.12,25.47,85,20,4.91,BR,1718063598
184,imbituba,-28.24,-48.6703,17.81,88,1,2.58,BR,1718063598
185,progreso,21.2833,-89.6667,33.06,88,76,5.29,MX,1718063598
186,port lincoln,-34.7333,135.8667,17.09,71,95,8.94,AU,1718063598
187,kargasok,59.0556,80.8572,13.31,79,81,2.24,RU,1718063598
188,tromso,69.6496,18.957,12.01,71,75,1.03,NO,1718063598
189,beau vallon,-20.4189,57.6953,24.13,83,40,6.69,MU,1718063598
190,aoulef,26.9667,1.0833,37.15,13,5,4.75,DZ,1718063598
191,castillos,-34.1667,-53.8333,10.65,96,54,1.89,UY,1718063598
192,alofi,-19.0595,-169.9187,24.94,78,75,5.66,NU,1718063598
193,nagqu,31.5,92.0,5.62,70,2,2.41,CN,1718063598
194,nahiyat ash shinafiyah,31.5874,44.6602,34.14,16,0,6.78,IQ,1718063598
195,carbonear,47.7332,-53.2148,16.91,96,100,6.83,CA,1718063598
196,ancud,-41.8697,-73.8203,11.17,90,100,7.37,CL,1718063599
197,greymouth,-42.4667,171.2,10.3,68,88,4.03,NZ,1718063599
198,alpena,45.0617,-83.4327,18.18,44,0,5.66,US,1718063599
199,iwanai,42.9744,140.5089,19.88,80,78,1.55,JP,1718063599
200,nar'yan-mar,67.6713,53.087,3.39,88,37,3.58,RU,1718063599
201,mahina,-17.5065,-149.489,26.87,74,75,3.6,PF,1718063599
202,sidney,-33.8679,151.2073,14.63,70,0,4.12,AU,1718063453
203,hithadhoo,-0.6,73.0833,28.2,72,100,2.96,MV,1718063599
204,deder,9.3167,41.45,13.79,81,94,2.07,ET,1718063599
205,longyearbyen,78.2186,15.6401,3.91,75,0,2.06,SJ,1718063599
206,villa canas,-34.0057,-61.6076,16.07,10,91,3.51,AR,1718063599
207,asuncion nochixtlan,17.4667,-97.2333,23.9,41,20,4.36,MX,1718063599
208,las palmas,28.4204,-14.0131,20.44,68,100,6.17,ES,1718063599
209,kankan,10.3854,-9.3057,26.65,67,91,1.93,GN,1718063599
210,la'ie,21.6477,-157.9253,29.98,67,2,5.36,US,1718063599
211,jayapura,-2.5333,140.7,27.66,74,97,2.08,ID,1718063599
212,jennings,38.7192,-90.2604,25.01,48,75,4.63,US,1718063599
213,weno,7.4515,151.8468,29.97,79,75,3.6,FM,1718063599
214,urangan,-25.3,152.9,17.89,70,0,4.92,AU,1718063599
215,sydney mines,46.2367,-60.2177,14.89,85,20,5.66,CA,1718063599
216,fortuna,40.5982,-124.1573,18.29,79,0,6.17,US,1718063599
217,utrik,11.2278,169.8474,28.25,78,16,9.13,MH,1718063600
218,tibanbang,6.6315,126.1055,27.69,78,88,0.79,PH,1718063600
219,sosnovka,56.255,51.2842,15.68,90,20,1.92,RU,1718063600
220,orange,33.7,-117.7675,31.5,67,40,3.09,US,1718063600
221,yarkovo,57.4028,67.0786,11.93,97,60,1.3,RU,1718063600
222,egilsstadir,65.2653,-14.3948,2.95,93,20,2.06,IS,1718063600
223,taroa,8.7058,171.2275,28.44,78,41,8.61,MH,1718063600
224,malpica,43.3228,-8.8105,15.09,78,93,4.59,ES,1718063600
225,pindushi,62.9152,34.58,10.12,83,83,3.98,RU,1718063600
226,fort mcmurray,56.7268,-111.381,13.77,76,100,1.54,CA,1718063600
227,chela,34.069,104.4619,13.1,57,65,2.06,CN,1718063600
228,dudinka,69.4058,86.1778,6.49,86,87,3.13,RU,1718063600
229,santa marta,11.2408,-74.199,28.03,89,75,3.09,CO,1718063216
230,holualoa,19.6228,-155.9522,25.91,85,40,6.17,US,1718063600
231,anapa,44.8908,37.3239,17.19,100,0,3.0,RU,1718063485
232,lejanias,3.5251,-74.0216,21.41,95,100,1.22,CO,1718063600
233,zheleznogorsk-ilimskiy,56.5768,104.1217,10.2,92,29,0.89,RU,1718063600
234,olonkinbyen,70.9221,-8.7187,-1.52,91,85,5.55,SJ,1718063600
235,joshimath,30.5667,79.5667,14.66,35,0,4.39,IN,1718063600
236,byron bay,-28.65,153.6167,17.62,58,10,3.47,AU,1718063600
237,cascais,38.6979,-9.4215,17.92,89,11,5.36,PT,1718063600
238,gwanda,-20.9333,29.0,6.83,82,0,1.4,ZW,1718063600
239,kerikeri,-35.2268,173.9474,17.17,87,77,1.34,NZ,1718063601
240,abegondo,43.2167,-8.2833,14.81,82,100,2.57,ES,1718063601
241,soroti,1.7146,33.6111,17.78,93,54,2.19,UG,1718063601
242,purpe,64.4803,76.6897,16.25,50,100,3.59,RU,1718063601
243,hohhot,40.8106,111.6522,19.16,59,0,1.0,CN,1718063601
244,tongchuan,35.0806,109.0897,25.71,41,19,1.03,CN,1718063601
245,vorgashor,67.5833,63.95,-1.22,92,80,0.9,RU,1718063601
246,denov,38.2667,67.9,26.45,28,5,3.64,UZ,1718063601
247,neder holluf,55.3645,10.4482,13.77,92,100,2.36,DK,1718063601
248,tayu,-6.5397,111.0518,26.48,85,25,2.87,ID,1718063601
249,klyuchi,52.2667,79.1667,19.76,83,41,3.63,RU,1718063601
250,ebon,4.582,168.6964,29.13,78,33,7.52,MH,1718063601
251,sebastopol,44.6,33.5333,21.11,50,2,2.75,UA,1718063491
252,markaz-e hukumat-e darweshan,31.1323,64.1934,26.38,12,0,0.91,AF,1718063601
253,wewak,-3.5534,143.6268,27.94,84,95,1.9,PG,1718063601
254,patterson,37.4716,-121.1297,35.42,17,0,4.73,US,1718063601
255,las margaritas,16.3167,-91.9833,18.57,95,100,1.36,MX,1718063601
256,karak city,31.1637,35.762,19.34,60,0,2.67,JO,1718063601
257,san patricio,28.017,-97.5169,34.05,50,66,6.35,US,1718063601
258,harsin,34.2721,47.5861,16.45,60,29,3.11,IR,1718063601
259,puerto lempira,15.2667,-83.7667,32.08,62,20,4.12,HN,1718063601
260,qaqortoq,60.7167,-46.0333,7.15,85,100,3.22,GL,1718063601
261,kyaukse,21.6,96.1333,28.0,83,40,2.57,MM,1718063601
262,pathein,16.7833,94.7333,25.28,94,100,3.16,MM,1718063602
263,yanchep,-31.55,115.6833,15.53,72,99,0.8,AU,1718063602
264,sitka,57.0531,-135.33,11.94,76,100,2.06,US,1718063602
265,susuman,62.7833,148.1667,13.32,35,53,0.47,RU,1718063602
266,bay roberts,47.5999,-53.2648,16.86,97,100,2.68,CA,1718063602
267,queenstown,-31.8976,26.8753,7.39,50,16,2.57,ZA,1718063602
268,atafu village,-8.5421,-172.5159,28.95,75,53,4.81,TK,1718063602
269,balykshi,47.0667,51.8667,25.0,47,40,4.0,KZ,1718063602
270,alatyr',54.8421,46.5813,15.78,90,16,2.03,RU,1718063602
271,mizhou,35.9947,119.3975,29.63,37,97,6.31,CN,1718063602
272,rikaze,29.25,88.8833,14.29,48,1,2.2,CN,1718063602
273,zaysan,47.4667,84.8667,21.44,55,80,2.7,KZ,1718063602
274,mejit,10.2753,170.8646,28.59,77,33,7.51,MH,1718063602
275,chardara,41.2547,67.9692,25.81,36,99,3.23,KZ,1718063602
276,hadibu,12.65,54.0333,27.71,77,12,7.52,YE,1718063602
277,uturoa,-16.7333,-151.4333,25.73,75,70,9.46,PF,1718063602
278,yangshuo,24.7808,110.4897,25.48,95,95,1.1,CN,1718063602
279,oranjemund,-28.55,16.4333,20.48,36,81,3.4,NA,1718063602
280,arteche,12.2645,125.4048,28.64,79,100,0.82,PH,1718063602
281,la foa,-21.7108,165.8276,24.74,69,44,3.95,NC,1718063602
282,alta,69.9689,23.2717,10.66,81,100,5.14,NO,1718063602
283,kupang,-10.1667,123.5833,28.32,74,20,4.12,ID,1718063603
284,bria,6.5423,21.9863,21.6,95,100,0.99,CF,1718063603
285,constantia,44.1833,28.65,22.61,85,67,2.07,RO,1718063533
286,tazacorte,28.629,-17.9293,20.64,87,40,6.69,ES,1718063557
287,grande prairie,55.1667,-118.8027,23.1,31,75,11.32,CA,1718063421
288,puerto baquerizo moreno,-0.9,-89.6,22.1,88,44,4.16,EC,1718063533
289,sao gabriel da cachoeira,-0.1303,-67.0892,23.89,99,76,0.72,BR,1718063603
290,carroll,39.5501,-77.0164,23.18,56,0,1.54,US,1718063603
291,xilin hot,43.9667,116.0333,20.62,45,23,1.69,CN,1718063603
292,eyl,7.9803,49.8164,26.85,63,45,9.66,SO,1718063603
293,polyarnyy,69.1989,33.4478,9.91,85,100,1.18,RU,1718063603
294,rahimah,26.7079,50.0619,30.12,76,0,4.6,SA,1718063603
295,ar ruways,24.1103,52.7306,32.24,53,0,4.21,AE,1718063603
296,tupiza,-21.45,-65.7167,9.6,12,41,3.35,BO,1718063106
297,prado,-17.3411,-39.2208,23.34,73,24,2.85,BR,1718063603
298,matonga,-2.3833,34.0833,17.37,85,93,2.48,TZ,1718063603
299,eenhana,-17.4667,16.3333,14.21,44,5,3.57,NA,1718063603
300,kindu,-2.95,25.95,21.22,65,53,1.33,CD,1718063603
301,haiku-pauwela,20.9219,-156.3051,29.57,66,20,10.8,US,1718063603
302,nova friburgo,-22.2819,-42.5311,15.32,88,3,0.89,BR,1718063603
303,geraldton,-28.7667,114.6,16.23,88,100,5.14,AU,1718063603
304,dakhla,23.6848,-15.958,20.27,83,13,10.15,EH,1718063603
305,mil'kovo,55.6078,37.7956,18.22,94,81,3.9,RU,1718063604
306,la mesa,32.7678,-117.0231,27.67,65,0,4.63,US,1718063604
307,fort payne,34.4442,-85.7197,27.46,41,0,3.09,US,1718063604
308,kapa'a,22.0752,-159.319,29.99,73,20,6.69,US,1718063604
309,haverfordwest,51.8017,-4.9691,9.77,93,18,3.58,GB,1718063604
310,cuero,29.0939,-97.2892,33.58,70,76,2.48,US,1718063524
311,nizao,18.25,-70.2,29.04,82,100,3.21,DO,1718063604
312,ola,59.5833,151.2833,11.19,68,100,2.09,RU,1718063604
313,belyy yar,53.6039,91.3903,13.94,82,0,0.0,RU,1718063604
314,al jawf,29.5,38.75,24.21,30,0,2.22,SA,1718063604
315,el bauga,18.262,33.9081,32.7,11,0,6.97,SD,1718063604
316,tolanaro,-25.0319,46.9987,20.04,77,40,7.2,MG,1718063604
317,hirara,24.8,125.2833,28.15,94,75,8.23,JP,1718063604
318,zemio,5.0314,25.1361,21.09,97,100,1.24,CF,1718063604
319,bamboo flat,11.7,92.7167,28.05,89,75,6.17,IN,1718063604
320,soe,-9.8607,124.284,20.58,70,63,2.03,ID,1718063604
321,alghero,40.5589,8.3181,19.05,82,0,1.54,IT,1718063604
322,khor,47.8861,134.9464,12.49,96,99,3.63,RU,1718063604
323,mendota,36.7536,-120.3816,34.15,14,0,2.31,US,1718063605
324,jeddah,21.5169,39.2192,31.92,37,0,4.12,SA,1718063456
325,champerico,14.3,-91.9167,27.3,83,84,3.34,GT,1718063605
326,axim,4.8699,-2.2405,25.86,86,82,5.25,GH,1718063605
327,gebeit,21.0667,36.3167,29.44,25,27,2.78,SD,1718063605
328,laguna,38.421,-121.4238,37.3,35,0,4.12,US,1718063605
329,cafayate,-26.073,-65.9761,16.16,55,0,2.21,AR,1718063429
330,hasaki,35.7333,140.8333,26.27,71,18,1.88,JP,1718063605
331,ambon,-3.6954,128.1814,26.08,94,40,2.57,ID,1718063605
332,nadi,-17.8,177.4167,28.0,54,20,2.06,FJ,1718063605
333,shenjiamen,29.9576,122.298,21.17,95,100,3.08,CN,1718063605
334,labytnangi,66.6572,66.4183,5.21,89,48,2.75,RU,1718063605
335,tahe,52.3333,124.7333,15.01,69,73,2.98,CN,1718063605
336,gizo,-8.103,156.8419,28.94,74,49,2.23,SB,1718063605
337,balabac,7.9868,117.0645,28.76,72,52,1.62,PH,1718063605
338,hinton,53.4001,-117.5857,21.58,30,94,3.37,CA,1718063605
339,jerada,34.31,-2.16,16.46,59,100,3.79,MA,1718063605
340,capayan,-28.761,-66.0502,19.33,66,46,1.93,AR,1718063605
341,kyabe,9.4515,18.9449,25.42,70,96,1.65,TD,1718063605
342,north battleford,52.7834,-108.2847,16.34,77,100,5.66,CA,1718063346
343,muroto-misakicho,33.2833,134.15,21.99,78,78,0.96,JP,1718063606
344,dingwall,57.5953,-4.4272,7.99,85,93,2.09,GB,1718063606
345,mitu,1.1983,-70.1733,23.81,93,81,0.17,CO,1718063606
346,at taj,24.2049,23.2857,27.89,16,0,3.54,LY,1718063606
347,jijiga,9.35,42.8,17.54,81,80,4.95,ET,1718063606
348,harper,4.375,-7.7169,25.77,84,88,4.11,LR,1718063606
349,mponela,-13.5319,33.7401,12.17,80,95,3.13,MW,1718063606
350,mount gambier,-37.8333,140.7667,13.76,86,100,5.49,AU,1718063606
351,aykhal,66.0,111.5,18.91,40,86,5.38,RU,1718063456
352,uaua,-9.8414,-39.4817,21.62,82,17,6.47,BR,1718063606
353,zambezi,-13.5432,23.1047,13.01,52,4,3.79,ZM,1718063606
354,xianning,29.8833,114.2167,24.78,86,67,0.81,CN,1718063606
355,aswan,24.0934,32.907,30.61,17,0,3.09,EG,1718063320
356,cueto,20.6439,-75.9356,31.29,80,80,2.26,CU,1718063606
357,college,64.8569,-147.8028,21.99,55,75,2.06,US,1718063606
358,solnechnyy,50.7214,136.6319,6.13,85,100,3.62,RU,1718063606
359,shakhovskaya,56.0283,35.5097,15.86,99,57,4.04,RU,1718063606
360,petrove,48.3247,33.2562,18.56,69,67,4.93,UA,1718063606
361,biltine,14.5333,20.9167,31.16,34,87,3.96,TD,1718063606
362,sarzeau,47.5333,-2.7667,12.93,80,55,5.22,FR,1718063606
363,farrukhnagar,17.0778,78.2011,23.84,93,100,6.58,IN,1718063607
364,anadyr,64.75,177.4833,8.28,70,0,4.0,RU,1718063607
365,island harbour,50.724,-1.2758,12.21,79,6,0.45,GB,1718063607
366,harstad,68.799,16.5293,12.67,76,99,0.89,NO,1718063607
367,radford,37.1318,-80.5764,21.51,55,40,3.09,US,1718063607
368,miquelon,47.0975,-56.3814,8.0,97,100,5.5,PM,1718063607
369,betio village,1.358,172.9211,27.02,74,56,5.04,KI,1718063607
370,peace river,56.2501,-117.286,20.17,48,75,5.66,CA,1718063607
371,newman,37.3138,-121.0208,35.13,15,0,1.19,US,1718063607
372,taoudenni,22.6783,-3.9836,37.56,13,1,6.67,ML,1718063607
373,freetown,8.484,-13.2299,26.84,78,75,5.14,SL,1718063607
374,san antonio de pale,-1.4014,5.6325,24.91,83,73,4.75,GQ,1718063607
375,witzenhausen,51.3333,9.8667,9.97,78,91,6.62,DE,1718063607
376,manta,-0.95,-80.7333,24.88,69,40,5.14,EC,1718063607
377,quellon,-43.1167,-73.6167,10.75,93,100,9.32,CL,1718063607
378,malangali,-8.5667,34.85,13.3,77,5,5.6,TZ,1718063607
379,begamganj,23.6,78.3333,31.55,42,100,5.99,IN,1718063607
380,torghay,49.6339,63.4981,16.81,79,0,3.38,KZ,1718063607
381,kirensk,57.7853,108.1119,17.54,60,80,0.55,RU,1718063607
382,tobruk,32.0836,23.9764,23.34,72,0,2.73,LY,1718063607
383,yanam,16.7333,82.2167,26.15,86,92,1.29,IN,1718063607
384,gifu-shi,35.4229,136.7604,27.2,66,3,0.52,JP,1718063309
385,hamilton,39.1834,-84.5333,18.21,63,100,5.14,US,1718063608
386,bet dagan,32.0014,34.8303,25.83,90,0,3.09,IL,1718063608
387,magadan,59.5667,150.8,10.85,73,100,0.95,RU,1718063608
388,afaahiti,-17.75,-149.2833,25.93,83,100,8.96,PF,1718063608
389,keflavik,64.0049,-22.5624,7.95,93,40,4.12,IS,1718063608
390,sabha,27.0377,14.4283,31.92,11,0,3.99,LY,1718063608
391,caleta de carquin,-11.0925,-77.6267,18.27,83,30,5.04,PE,1718063608
392,mangrol,21.1167,70.1167,28.84,78,21,6.12,IN,1718063608
393,sihanoukville,10.6093,103.5296,27.51,79,100,2.72,KH,1718063608
394,pandan,14.0453,124.1694,29.75,75,16,1.42,PH,1718063608
395,kenai,60.5544,-151.2583,20.01,54,100,8.23,US,1718063608
396,santiago del torno,-17.9833,-63.3833,25.42,58,6,3.62,BO,1718063608
397,vadso,70.0744,29.7487,5.49,100,100,6.17,NO,1718063608
398,kidal,18.4411,1.4078,31.86,31,7,4.75,ML,1718063608
399,mudbidri,13.0833,74.9833,23.79,94,75,1.54,IN,1718063608
400,riberalta,-10.9833,-66.1,27.3,58,81,0.59,BO,1718063608
401,kabwe,-14.4469,28.4464,11.92,71,29,3.49,ZM,1718063609
402,lae,-6.7221,146.9847,26.37,63,18,0.3,PG,1718063609
403,kristiansund,63.1115,7.732,10.07,87,100,3.09,NO,1718063609
404,barra de santo antonio,-9.4047,-35.5072,24.6,73,67,5.32,BR,1718063609
405,katsuura,35.1333,140.3,22.49,72,16,1.73,JP,1718063609
406,verdal,63.7933,11.4817,10.02,93,100,4.37,NO,1718063609
407,agogo,6.8,-1.0819,22.41,95,58,3.35,GH,1718063609
408,palikir - national government center,6.9248,158.1611,29.47,79,75,5.14,FM,1718063609
409,aasiaat,68.7098,-52.8699,0.43,79,53,4.79,GL,1718063609
410,rongelap,11.1635,166.8941,28.3,81,6,9.09,MH,1718063609
411,san luis del palmar,-27.5079,-58.5545,24.44,73,0,2.69,AR,1718063609
412,crane,31.3974,-102.3501,33.13,29,0,1.66,US,1718063609
413,pariaman,-0.619,100.12,26.03,84,91,1.84,ID,1718063609
414,denison,33.7557,-96.5367,26.06,78,100,2.68,US,1718063362
415,ji'an,27.1172,114.9793,25.21,95,94,1.81,CN,1718063609
416,boguchany,58.3814,97.4531,12.14,84,97,0.89,RU,1718063609
417,robinson,31.4677,-97.1147,30.4,68,0,6.69,US,1718063314
418,tsiroanomandidy,-18.7667,46.0333,13.53,88,54,1.21,MG,1718063609
419,thoothukudi,8.8054,78.1453,28.83,67,99,2.88,IN,1718063610
420,helong,42.5397,128.9972,25.9,46,48,2.27,CN,1718063610
421,al kharijah,25.4514,30.5464,27.97,17,0,3.56,EG,1718063610
422,itaituba,-4.2761,-55.9836,26.37,80,66,1.0,BR,1718063487
423,kavieng,-2.5744,150.7967,29.2,75,97,4.63,PG,1718063610
424,neiafu,-18.65,-173.9833,25.43,64,66,7.23,TO,1718063610
425,tamanrasset,22.785,5.5228,27.95,7,0,2.06,DZ,1718063610
426,oriximina,-1.7656,-55.8661,24.72,93,58,1.9,BR,1718063610
427,tucumcari,35.1717,-103.725,22.19,71,100,1.56,US,1718063610
428,natal,-5.795,-35.2094,25.36,78,40,3.09,BR,1718063369
429,coari,-4.085,-63.1414,24.82,90,15,0.66,BR,1718063610
430,san luis de la loma,17.2706,-100.8939,27.26,75,100,4.87,MX,1718063610
431,rocky mountain house,52.3668,-114.9188,23.06,28,82,4.63,CA,1718063610
432,labrador city,52.9463,-66.9114,15.95,69,75,5.81,CA,1718063610
433,suez,29.9737,32.5263,23.22,77,0,3.82,EG,1718063610
434,fort st. john,56.2499,-120.8529,21.94,37,75,6.69,CA,1718063610
435,jalalabad,34.4265,70.4515,28.39,21,0,2.19,AF,1718063610
436,heroica caborca,30.7167,-112.15,35.41,10,58,8.46,MX,1718063549
437,troy,42.6056,-83.1499,20.8,47,0,2.57,US,1718063122
438,aktau,43.65,51.2,26.32,48,99,4.71,KZ,1718063610
439,leava,-14.3,-178.1667,27.86,71,52,6.99,WF,1718063610
440,were ilu,10.6,39.4333,13.05,74,91,1.6,ET,1718063610
441,ulaangom,49.9811,92.0667,19.5,49,98,0.65,MN,1718063610
442,cidade velha,14.9167,-23.6167,23.26,78,20,6.17,CV,1718063610
443,menongue,-14.6585,17.691,11.03,55,2,2.15,AO,1718063611
444,el aioun,34.5832,-2.5061,19.9,62,100,0.65,MA,1718063611
445,mana,5.6592,-53.7767,26.17,86,88,3.73,GF,1718063611
446,siwa oasis,29.2041,25.5195,28.19,25,0,2.88,EG,1718063611
447,shendi,16.6915,33.4341,33.31,40,47,3.93,SD,1718063611
448,hami,42.8,93.45,27.86,21,2,4.29,CN,1718063611
449,san pedro pochutla,15.7333,-96.4667,26.84,67,94,2.14,MX,1718063611
450,saudarkrokur,65.7461,-19.6394,5.34,84,94,0.73,IS,1718063611
451,kudahuvadhoo,2.6708,72.8944,28.25,76,51,5.57,MV,1718063611
452,katsuren-haebaru,26.3369,127.8719,25.22,94,100,3.09,JP,1718063611
453,impfondo,1.6381,18.0667,22.99,90,95,1.03,CG,1718063611
454,adjumani,3.3779,31.7909,18.51,96,66,0.94,UG,1718063611
455,sanibel,26.449,-82.0223,31.7,80,40,2.68,US,1718063611
456,ta`u,-14.2336,-169.5144,27.19,78,47,8.89,AS,1718063611
457,salekhard,66.53,66.6019,5.22,89,54,2.68,RU,1718063549
458,taulaga,-11.0553,-171.0883,28.68,77,18,7.61,AS,1718063611
459,yung shue wan,22.2333,114.1167,29.26,88,83,2.96,HK,1718063611
460,touros,-5.1989,-35.4608,24.9,80,46,5.84,BR,1718063611
461,vilyuysk,63.7553,121.6247,21.17,37,53,2.56,RU,1718063611
462,sikasso,10.9167,-7.0,28.46,56,67,1.55,ML,1718063611
463,nemuro,43.3236,145.575,11.89,97,100,2.38,JP,1718063611
464,ad dilam,23.9915,47.1627,32.23,13,0,2.14,SA,1718063611
465,merizo village,13.2658,144.6691,29.99,91,100,4.72,GU,1718063611
466,sicuani,-14.2694,-71.2261,9.88,36,17,1.15,PE,1718063612
467,north ward,-19.2454,146.8075,22.95,60,0,2.06,AU,1718063612
468,nicoya,10.1483,-85.452,25.06,94,100,1.05,CR,1718063612
469,boudjima,36.8022,4.1519,16.92,58,99,1.33,DZ,1718063612
470,great falls,47.5002,-111.3008,26.48,24,100,7.2,US,1718063612
471,turinskaya sloboda,57.6232,64.3858,12.19,91,24,3.38,RU,1718063612
472,kotel'nikovo,47.6317,43.1461,21.41,62,62,1.92,RU,1718063612
473,mitsamiouli,-11.3847,43.2844,25.67,69,19,5.76,KM,1718063612
474,mikhaylovskoye,51.8239,79.7172,19.66,83,57,3.19,RU,1718063612
475,al 'amarah,31.8406,47.1396,32.89,37,16,6.23,IQ,1718063612
476,segezha,63.7415,34.3222,9.43,85,91,5.5,RU,1718063612
477,bengkulu,-3.8004,102.2655,25.28,89,100,1.74,ID,1718063612
478,bonthe,7.5264,-12.505,26.28,85,100,3.13,SL,1718063612
479,berdigestyakh,62.0989,126.6992,20.83,39,79,0.5,RU,1718063612
480,loango,-4.6719,11.8312,21.81,100,20,1.54,CG,1718063612
481,saint-amable,45.6527,-73.2956,16.15,75,100,7.2,CA,1718063612
482,el nido,11.1858,119.3956,28.76,77,89,0.62,PH,1718063612
483,port isabel,26.0734,-97.2086,34.02,67,0,5.66,US,1718063612
484,vila velha,-20.3297,-40.2925,23.97,78,0,1.54,BR,1718063612
485,robore,-18.3333,-59.75,24.26,43,2,1.6,BO,1718063612
486,itoman,26.1247,127.6694,25.22,94,75,5.14,JP,1718063613
487,lompoc,34.6391,-120.4579,25.56,76,0,6.69,US,1718063398
488,lobujya,27.95,86.8167,0.58,54,7,0.9,NP,1718063613
489,sebdou,34.637,-1.3314,17.61,59,100,4.53,DZ,1718063613
490,woolgoolga,-30.1106,153.2007,16.93,56,1,1.05,AU,1718063613
491,twon-brass,4.3151,6.2418,26.68,85,100,5.64,NG,1718063613
492,lenino,45.2986,35.7771,22.99,67,0,1.32,UA,1718063613
493,qamdo,31.1667,97.2333,9.78,69,56,2.06,CN,1718063613
494,bayanaul,50.7889,75.6956,16.7,87,46,4.53,KZ,1718063613
495,namtsy,62.7161,129.6658,20.99,34,82,2.36,RU,1718063613
496,piraziz,40.9333,38.1333,16.9,77,0,0.0,TR,1718063613
497,valdivia,-39.8142,-73.2459,12.05,99,100,2.5,CL,1718063402
498,cobija,-11.0267,-68.7692,30.1,66,20,1.54,BO,1718063613
499,ponnani,10.767,75.9252,23.62,87,99,0.42,IN,1718063613
500,bikin,46.8161,134.26,14.9,97,100,0.92,RU,1718063613
501,alamosa,37.4695,-105.87,21.99,40,0,4.12,US,1718063613
502,corumba,-19.0092,-57.6533,24.55,40,2,0.77,BR,1718063432
503,nadym,65.5333,72.5167,14.98,61,62,5.43,RU,1718063613
504,lata,40.1629,-8.3327,12.21,91,0,0.51,PT,1718063614
505,kario ghanwar,24.8082,68.6045,28.24,79,0,7.6,PK,1718063614
506,vicksburg,32.3526,-90.8779,28.82,67,0,4.12,US,1718063614
507,barstow heights,34.8697,-117.0562,36.73,9,2,3.12,US,1718063614
508,burang,30.25,81.1667,5.36,42,40,1.83,CN,1718063614
509,gunjur,13.2019,-16.7339,26.04,83,0,3.09,GM,1718063614
510,lazaro cardenas,17.9583,-102.2,27.65,71,93,5.8,MX,1718063614
511,vrangel',42.7297,133.0839,15.89,82,15,3.25,RU,1718063614
512,puerto aysen,-45.4,-72.7,5.72,100,100,1.37,CL,1718063614
513,huilong,31.8111,121.655,22.78,82,100,4.55,CN,1718063614
514,rasht,37.2808,49.5832,23.9,100,75,0.0,IR,1718063614
515,teguise,29.0605,-13.564,19.12,73,75,5.66,ES,1718063614
516,coquimbo,-29.9533,-71.3436,12.85,100,75,1.03,CL,1718063556
517,san juan de miraflores,-12.1629,-76.9635,18.98,79,45,3.96,PE,1718063614
518,farafangana,-22.8167,47.8333,18.66,87,57,4.32,MG,1718063614
519,usogorsk,63.4106,48.6872,14.81,74,98,3.43,RU,1718063614
520,kasimov,54.9411,41.3953,16.95,91,96,2.99,RU,1718063614
521,hinis,39.3606,41.7022,10.53,86,76,2.44,TR,1718063614
522,cabo san lucas,22.8909,-109.9124,32.56,53,3,6.66,MX,1718063553
523,luau,-10.7073,22.2247,13.55,56,93,2.28,AO,1718063614
524,bertioga,-23.8544,-46.1386,23.88,83,3,3.43,BR,1718063427
525,louis trichardt,-23.0439,29.9032,7.09,89,2,1.59,ZA,1718063614
526,center,31.5107,-96.4247,26.56,77,0,0.45,US,1718063464
527,mathba,22.2855,89.9629,28.92,84,84,3.47,BD,1718063615
528,minas de marcona,-15.2119,-75.1103,12.36,81,66,3.49,PE,1718063615
529,kitgum,3.2783,32.8867,18.66,96,96,1.08,UG,1718063615
530,baikonur,45.6167,63.3167,23.69,36,11,4.43,KZ,1718063615
531,kourou,5.1552,-52.6478,25.03,91,87,1.96,GF,1718063615
532,yatou,37.15,122.3833,27.43,51,42,5.35,CN,1718063615
533,montego bay,18.4712,-77.9188,30.89,62,20,3.09,JM,1718063478
534,pasni,25.2631,63.471,28.13,88,1,5.47,PK,1718063615
535,lan sak,15.4529,99.5761,26.19,87,99,1.81,TH,1718063615
536,khamis mushait,18.3064,42.7292,22.34,56,0,0.0,SA,1718063413
537,port saint john's,-31.6229,29.5448,15.82,58,0,3.15,ZA,1718063615
538,pokhvistnevo,53.6524,52.1274,17.01,75,10,1.44,RU,1718063615
539,connell,46.6635,-118.8611,31.49,25,4,1.34,US,1718063615
540,darab,28.7519,54.5444,26.71,34,14,1.26,IR,1718063615
541,manokwari,-0.8667,134.0833,26.44,80,100,1.67,ID,1718063615
542,port hedland,-20.3167,118.5667,15.03,67,3,0.0,AU,1718063615
543,saint-pierre,-21.3393,55.4781,19.82,77,0,3.6,RE,1718063615
544,cadale,2.7603,46.3222,25.74,84,99,9.21,SO,1718063615
545,chibougamau,49.9168,-74.3659,10.79,82,100,5.66,CA,1718063615
546,salihorsk,52.7876,27.5415,16.76,97,100,2.94,BY,1718063615
547,guarapari,-20.6667,-40.4975,20.9,86,45,2.88,BR,1718063557
548,duartina,-22.4144,-49.4039,27.64,43,0,1.62,BR,1718063615
549,moyynkum,44.2914,72.9469,24.58,33,37,2.45,KZ,1718063616
550,al markaz,25.4,49.7333,31.33,30,0,2.94,SA,1718063616
551,ixtapa,20.7,-105.2,27.9,80,14,2.24,MX,1718063616
552,muntok,-2.0667,105.1833,26.81,86,98,2.75,ID,1718063616
553,guiuan,11.0333,125.7247,28.71,74,100,1.36,PH,1718063616
554,toliara,-23.35,43.6667,18.37,75,0,7.2,MG,1718063616
555,boerne,29.7947,-98.732,33.53,54,40,1.79,US,1718063616
556,isla mujeres,21.2311,-86.731,27.87,74,63,4.93,MX,1718063616
557,puerto deseado,-47.7503,-65.8938,4.9,78,97,4.85,AR,1718063616
558,nykvarn,59.8,18.3,11.01,98,9,2.35,SE,1718063616
559,pingnan,23.5543,110.3976,26.05,94,94,0.64,CN,1718063616
560,rio grande,-32.035,-52.0986,16.06,93,8,3.01,BR,1718063568
561,sinabang,2.4803,96.3801,26.59,84,99,0.73,ID,1718063616
562,tongliao,43.6125,122.2653,29.13,35,91,6.26,CN,1718063616
563,fort wellington,6.4,-57.6,26.77,84,99,3.36,GY,1718063616
564,tchintabaraden,15.8969,5.7985,33.83,37,4,5.43,NE,1718063616
565,villa maria grande,-31.6656,-59.9018,14.87,75,68,4.58,AR,1718063616
566,south portland,43.6415,-70.2409,20.4,67,100,5.14,US,1718063378
567,ke-macina,13.9623,-5.3572,35.28,33,6,5.18,ML,1718063616
568,beltran,-27.8291,-64.061,18.63,66,3,2.8,AR,1718063617
569,meulaboh,4.1363,96.1285,25.23,91,100,1.0,ID,1718063617
570,zhanaozen,43.3,52.8,27.8,33,98,7.81,KZ,1718063617
571,amahai,-3.3333,128.9167,24.12,95,100,2.17,ID,1718063617
572,amga,60.8953,131.9608,17.78,53,57,3.12,RU,1718063617
573,bikenibeu village,1.3673,173.1241,26.98,100,75,1.54,KI,1718063617
574,oyama,36.3,139.8,24.82,58,51,2.17,JP,1718063617
575,morondava,-20.2833,44.2833,20.11,70,0,4.68,MG,1718063617
